Date,Open,High,Low,Close,Volume,Dividends,Stock Splits,Returns,Log_Returns
2025-01-19 00:00:00+00:00,104411.2890625,106299.796875,99570.53125,101089.609375,76789928525,0.0,0.0,,
2025-01-20 00:00:00+00:00,101083.75,109114.8828125,99471.359375,102016.6640625,126279678351,0.0,0.0,0.009170622908047932,0.009128828074566006
2025-01-21 00:00:00+00:00,102052.578125,107180.921875,100103.953125,106146.265625,88733878242,0.0,0.0,0.040479676535688514,0.03968183425876291
2025-01-22 00:00:00+00:00,106136.3828125,106294.34375,103360.265625,103653.0703125,53878181052,0.0,0.0,-0.023488299826845638,-0.023768546993042258
2025-01-23 00:00:00+00:00,103657.671875,106820.328125,101257.8046875,103960.171875,104104515428,0.0,0.0,0.002962783076025932,0.002958402684215798
2025-01-24 00:00:00+00:00,103965.671875,107098.546875,102772.125,104819.484375,52388229265,0.0,0.0,0.008265785680243276,0.00823181116278129
2025-01-25 00:00:00+00:00,104824.03125,105243.7890625,104120.375,104714.6484375,23888996502,0.0,0.0,-0.0010001569662844156,-0.0010006574570037008
2025-01-26 00:00:00+00:00,104713.2109375,105438.6484375,102507.7109375,102682.5,22543395879,0.0,0.0,-0.019406534499448846,-0.019597313563924395
2025-01-27 00:00:00+00:00,102680.3046875,103214.109375,97795.9375,102087.6875,89006608428,0.0,0.0,-0.005792734886665207,-0.005809577851448121
2025-01-28 00:00:00+00:00,102095.4140625,103730.8203125,100238.1875,101332.4765625,47180685494,0.0,0.0,-0.007397669160641884,-0.007425167615395995
2025-01-29 00:00:00+00:00,101317.5234375,104750.8046875,101283.8203125,103703.2109375,47432049818,0.0,0.0,0.023395602825692086,0.023126120746530303
2025-01-30 00:00:00+00:00,103709.3359375,106418.765625,103321.6484375,104735.3046875,41915744521,0.0,0.0,0.009952379879751394,0.009903181107726793
2025-01-31 00:00:00+00:00,104737.5625,106026.3515625,101543.8828125,102405.0234375,45732764360,0.0,0.0,-0.022249243050878498,-0.022500491172309005
2025-02-01 00:00:00+00:00,102402.796875,102755.7265625,100297.7109375,100655.90625,27757944848,0.0,0.0,-0.017080384621634526,-0.017227936971828707
2025-02-02 00:00:00+00:00,100661.5390625,101430.6640625,96216.078125,97688.9765625,63091816853,0.0,0.0,-0.02947596219670423,-0.029919108206548826
2025-02-03 00:00:00+00:00,97681.1015625,102514.171875,91242.890625,101405.421875,115400897748,0.0,0.0,0.03804365081173988,0.03733783666464687
2025-02-04 00:00:00+00:00,101398.71875,101745.6171875,96208.109375,97871.8203125,73002130211,0.0,0.0,-0.034846278405663456,-0.03546789334061943
2025-02-05 00:00:00+00:00,97878.0078125,99113.2109375,96174.828125,96615.4453125,49125911241,0.0,0.0,-0.012836943218062724,-0.012920048753753386
2025-02-06 00:00:00+00:00,96610.640625,99168.609375,95707.3515625,96593.296875,45302471947,0.0,0.0,-0.00022924323774897726,-0.00022926951799646017
2025-02-07 00:00:00+00:00,96581.3203125,100154.140625,95653.8828125,96529.0859375,55741290456,0.0,0.0,-0.0006647556256734743,-0.0006649766736617645
2025-02-08 00:00:00+00:00,96533.2578125,96877.8046875,95702.4921875,96482.453125,22447526395,0.0,0.0,-0.00048309597099249757,-0.00048321269944663663
2025-02-09 00:00:00+00:00,96481.3125,97325.28125,94745.2578125,96500.09375,27732901800,0.0,0.0,0.00018283765004545316,0.00018282093727943363
2025-02-10 00:00:00+00:00,96499.4609375,98333.21875,95320.84375,97437.5546875,40078962391,0.0,0.0,0.009714611676219231,0.009667728227994938
2025-02-11 00:00:00+00:00,97438.1328125,98492.8984375,94875.0390625,95747.4296875,37488783272,0.0,0.0,-0.017345724709743937,-0.01749792436938306
2025-02-12 00:00:00+00:00,95745.6953125,98151.0234375,94101.203125,97885.859375,49340445530,0.0,0.0,0.02233406885677658,0.022088315919347463
2025-02-13 00:00:00+00:00,97888.75,98111.0859375,95269.7109375,96623.8671875,37147280860,0.0,0.0,-0.012892487184132717,-0.012976316589520155
2025-02-14 00:00:00+00:00,96623.3671875,98819.46875,96342.8046875,97508.96875,32697987277,0.0,0.0,0.009160278803397981,0.009118577917229297
2025-02-15 00:00:00+00:00,97508.3828125,97975.0390625,97240.1953125,97580.3515625,17047266288,0.0,0.0,0.0007320640697474623,0.0007317962415499838
2025-02-16 00:00:00+00:00,97580.4921875,97725.59375,96060.9765625,96175.03125,16536755396,0.0,0.0,-0.014401672980240199,-0.014506383627455663
2025-02-17 00:00:00+00:00,96179.0078125,97032.234375,95243.546875,95773.3828125,27336550690,0.0,0.0,-0.004176223623530095,-0.004184968400662239
2025-02-18 00:00:00+00:00,95773.8125,96695.375,93388.8359375,95539.546875,37325720482,0.0,0.0,-0.0024415545387781457,-0.0024445399934847232
2025-02-19 00:00:00+00:00,95532.53125,96855.59375,95011.96875,96635.609375,28990872862,0.0,0.0,0.011472343504350446,0.01140703518992484
2025-02-20 00:00:00+00:00,96632.6796875,98767.1953125,96442.671875,98333.9375,31668022771,0.0,0.0,0.017574558032842136,0.01742191135803241
2025-02-21 00:00:00+00:00,98340.671875,99497.96875,94852.9609375,96125.546875,49608706470,0.0,0.0,-0.02245807176184722,-0.02271409470424543
2025-02-22 00:00:00+00:00,96134.203125,96950.15625,95765.34375,96577.7578125,18353824477,0.0,0.0,0.0047043783073406065,0.00469334730219672
2025-02-23 00:00:00+00:00,96577.8046875,96671.875,95270.453125,96273.921875,16999478976,0.0,0.0,-0.0031460239332733453,-0.0031509830703417255
2025-02-24 00:00:00+00:00,96277.9609375,96503.453125,91371.7421875,91418.171875,44046480529,0.0,0.0,-0.05043681513571874,-0.05175320553649131
2025-02-25 00:00:00+00:00,91437.1171875,92511.078125,86008.234375,88736.171875,92139104128,0.0,0.0,-0.029337712021491935,-0.029776669354997204
2025-02-26 00:00:00+00:00,88638.890625,89286.25,82131.8984375,84347.0234375,64597492134,0.0,0.0,-0.04946290046952739,-0.05072808622097089
2025-02-27 00:00:00+00:00,84076.859375,87000.78125,83144.9609375,84704.2265625,52659591954,0.0,0.0,0.004234922709094535,0.00422598066095089
2025-02-28 00:00:00+00:00,84705.625,85036.3203125,78248.9140625,84373.0078125,83610570576,0.0,0.0,-0.003910297790814532,-0.003917962993897036
2025-03-01 00:00:00+00:00,84373.8671875,86522.3046875,83794.234375,86031.9140625,29190628396,0.0,0.0,0.019661575342751147,0.019470783362415745
2025-03-02 00:00:00+00:00,86036.2578125,95043.4375,85040.2109375,94248.3515625,58398341092,0.0,0.0,0.09550452979612856,0.09121501495686515
2025-03-03 00:00:00+00:00,94248.421875,94429.75,85081.3046875,86065.671875,70072228536,0.0,0.0,-0.08682040111941614,-0.09082270482945609
2025-03-04 00:00:00+00:00,86064.0703125,88911.2734375,81529.2421875,87222.1953125,68095241474,0.0,0.0,0.013437685575495406,0.013348200634372372
2025-03-05 00:00:00+00:00,87222.953125,90998.2421875,86379.7734375,90623.5625,50498988027,0.0,0.0,0.03899657851208138,0.03825541905303624
2025-03-06 00:00:00+00:00,90622.359375,92804.9375,87852.140625,89961.7265625,47749810486,0.0,0.0,-0.007303133084179958,-0.007329931515325766
2025-03-07 00:00:00+00:00,89963.28125,91191.046875,84717.6796875,86742.671875,65945677657,0.0,0.0,-0.0357824911826653,-0.0364383782693103
2025-03-08 00:00:00+00:00,86742.65625,86847.265625,85247.484375,86154.59375,18206118081,0.0,0.0,-0.006779571257010009,-0.006802656950121629
2025-03-09 00:00:00+00:00,86154.3046875,86471.1328125,80052.484375,80601.0390625,30899345977,0.0,0.0,-0.0644603432710168,-0.06663174322153219
2025-03-10 00:00:00+00:00,80597.1484375,83955.9296875,77420.59375,78532.0,54061099422,0.0,0.0,-0.02567012890361897,-0.026005355987276976
2025-03-11 00:00:00+00:00,78523.875,83577.7578125,76624.25,82862.2109375,54702837196,0.0,0.0,0.05513944554449135,0.05367293406512474
2025-03-12 00:00:00+00:00,82857.375,84358.578125,80635.25,83722.359375,40353484454,0.0,0.0,0.010380466895202334,0.010326959815815329
2025-03-13 00:00:00+00:00,83724.921875,84301.6953125,79931.8515625,81066.703125,31412940153,0.0,0.0,-0.0317197970748182,-0.032233767760911476
2025-03-14 00:00:00+00:00,81066.9921875,85263.2890625,80797.5625,83969.1015625,29588112414,0.0,0.0,0.03580259620308812,0.03517658147592443
2025-03-15 00:00:00+00:00,83968.40625,84672.671875,83639.59375,84343.109375,13650491277,0.0,0.0,0.004454112352525463,0.00444422215127116
2025-03-16 00:00:00+00:00,84333.3203125,85051.6015625,82017.90625,82579.6875,21330270174,0.0,0.0,-0.020907717157540473,-0.021129378542194648
2025-03-17 00:00:00+00:00,82576.3359375,84725.328125,82492.15625,84075.6875,25092785558,0.0,0.0,0.018115835083536647,0.017953698574085318
2025-03-18 00:00:00+00:00,84075.71875,84075.71875,81179.9921875,82718.5,24095774594,0.0,0.0,-0.016142449028442418,-0.01627415768219446
2025-03-19 00:00:00+00:00,82718.8046875,87021.1875,82569.7265625,86854.2265625,34931960257,0.0,0.0,0.049997601050550955,0.048787879453061046
2025-03-20 00:00:00+00:00,86872.953125,87443.265625,83647.1953125,84167.1953125,29028988961,0.0,0.0,-0.030937253791171848,-0.0314259156183106
2025-03-21 00:00:00+00:00,84164.5390625,84782.2734375,83171.0703125,84043.2421875,19030452299,0.0,0.0,-0.0014727011460912154,-0.0014737866362900664
2025-03-22 00:00:00+00:00,84046.2578125,84513.875,83674.78125,83832.484375,9863214091,0.0,0.0,-0.0025077306278807887,-0.0025108802510379665
2025-03-23 00:00:00+00:00,83831.8984375,86094.78125,83794.9140625,86054.375,12594615537,0.0,0.0,0.026503933905394295,0.02615878981767563
2025-03-24 00:00:00+00:00,86070.9296875,88758.7265625,85541.1953125,87498.9140625,34582604933,0.0,0.0,0.016786352378946434,0.016647018673748026
2025-03-25 00:00:00+00:00,87512.8203125,88542.3984375,86346.078125,87471.703125,30005840049,0.0,0.0,-0.0003109860024155253,-0.0003110343685901033
2025-03-26 00:00:00+00:00,87460.234375,88292.15625,85861.453125,86900.8828125,26704046038,0.0,0.0,-0.00652577110204744,-0.006547157036869115
2025-03-27 00:00:00+00:00,86896.2578125,87786.7265625,85837.9375,87177.1015625,24413471941,0.0,0.0,0.003178549412391707,0.0031735085032361422
2025-03-28 00:00:00+00:00,87185.234375,87489.859375,83557.640625,84353.1484375,34198619509,0.0,0.0,-0.032393289916566204,-0.032929565500329085
2025-03-29 00:00:00+00:00,84352.0703125,84567.3359375,81634.140625,82597.5859375,16969396135,0.0,0.0,-0.020812056603918605,-0.02103168000812764
2025-03-30 00:00:00+00:00,82596.984375,83505.0,81573.25,82334.5234375,14763760943,0.0,0.0,-0.0031848691098436133,-0.0031899515997126566
2025-03-31 00:00:00+00:00,82336.0625,83870.125,81293.890625,82548.9140625,29004228247,0.0,0.0,0.0026038970780313253,0.002600512811616096
2025-04-01 00:00:00+00:00,82551.921875,85487.3671875,82429.359375,85169.171875,28175650319,0.0,0.0,0.0317418810684309,0.03124852053156838
2025-04-02 00:00:00+00:00,85180.609375,88466.953125,82343.5390625,82485.7109375,47584398470,0.0,0.0,-0.031507420800550134,-0.03201445832298525
2025-04-03 00:00:00+00:00,82487.4765625,83909.296875,81282.1015625,83102.828125,36852112080,0.0,0.0,0.007481504135517403,0.007453656492041082
2025-04-04 00:00:00+00:00,83100.25,84696.1484375,81670.75,83843.8046875,45157640207,0.0,0.0,0.008916382019940938,0.008876865806506007
2025-04-05 00:00:00+00:00,83844.703125,84207.015625,82377.734375,83504.796875,14380803631,0.0,0.0,-0.004043325726492686,-0.004051522069073574
2025-04-06 00:00:00+00:00,83504.5078125,83704.71875,77097.7421875,78214.484375,36294853736,0.0,0.0,-0.06335339642726368,-0.06544922522509501
2025-04-07 00:00:00+00:00,78221.3359375,81119.0625,74436.6796875,79235.3359375,91262424987,0.0,0.0,0.013051950296130821,0.012967507560798076
2025-04-08 00:00:00+00:00,79218.4765625,80823.890625,76198.0234375,76271.953125,48314590749,0.0,0.0,-0.03739976334343409,-0.03811707626174969
2025-04-09 00:00:00+00:00,76273.5625,83541.0,74589.671875,82573.953125,84213627038,0.0,0.0,0.0826253916648998,0.07938900944238107
2025-04-10 00:00:00+00:00,82565.9765625,82700.9296875,78456.1328125,79626.140625,44718000633,0.0,0.0,-0.0356990599146636,-0.0363518545774045
2025-04-11 00:00:00+00:00,79625.046875,84247.4765625,78936.3203125,83404.8359375,41656778779,0.0,0.0,0.04745546227457886,0.04636385379527456
2025-04-12 00:00:00+00:00,83404.515625,85856.1875,82769.375,85287.109375,24258059104,0.0,0.0,0.022567917271733462,0.022317029488567466
2025-04-13 00:00:00+00:00,85279.46875,86015.1875,83027.0078125,83684.9765625,28796984817,0.0,0.0,-0.01878516957885823,-0.018963852136872177
2025-04-14 00:00:00+00:00,83694.5234375,85785.0,83690.640625,84542.390625,34090769777,0.0,0.0,0.010245734631468162,0.010193602875445013
2025-04-15 00:00:00+00:00,84539.6953125,86429.3515625,83598.8203125,83668.9921875,28040322885,0.0,0.0,-0.01033089354397465,-0.010384627625774925
2025-04-16 00:00:00+00:00,83674.5078125,85428.28125,83100.6171875,84033.8671875,29617804112,0.0,0.0,0.004360934564412222,0.004351453244225117
2025-04-17 00:00:00+00:00,84030.671875,85449.0703125,83749.75,84895.75,21276866029,0.0,0.0,0.01025637449930672,0.010204134780153822
2025-04-18 00:00:00+00:00,84900.1875,85095.046875,84298.8828125,84450.8046875,12728372364,0.0,0.0,-0.005241078764249063,-0.005254861395886236
2025-04-19 00:00:00+00:00,84450.8671875,85597.703125,84353.4609375,85063.4140625,15259300427,0.0,0.0,0.007254038339443714,0.007227854353502602
2025-04-20 00:00:00+00:00,85066.0703125,85306.3828125,83976.84375,85174.3046875,14664050812,0.0,0.0,0.0013036230231544543,0.0013027740444132617
2025-04-21 00:00:00+00:00,85171.5390625,88460.09375,85143.8359375,87518.90625,41396190190,0.0,0.0,0.027527099529631727,0.027155041278542923
2025-04-22 00:00:00+00:00,87521.875,93817.3828125,87084.53125,93441.890625,55899038456,0.0,0.0,0.06767662701452015,0.06548491099549585
2025-04-23 00:00:00+00:00,93427.5859375,94535.734375,91962.9609375,93699.109375,41719568821,0.0,0.0,0.0027527134594511615,0.0027489316822658697
2025-04-24 00:00:00+00:00,93692.3984375,94016.1953125,91696.7109375,93943.796875,31483175315,0.0,0.0,0.0026114175645013393,0.0026080137382399186
2025-04-25 00:00:00+00:00,93954.25,95768.390625,92898.59375,94720.5,40915232364,0.0,0.0,0.008267742531563593,0.008233751969906927
2025-04-26 00:00:00+00:00,94714.6484375,95251.359375,93927.25,94646.9296875,17612825123,0.0,0.0,-0.0007767095032226168,-0.0007770112983303527
2025-04-27 00:00:00+00:00,94660.90625,95301.203125,93665.3984375,93754.84375,18090367764,0.0,0.0,-0.00942540809771053,-0.009470108357138424
2025-04-28 00:00:00+00:00,93755.3046875,95598.4921875,92860.8046875,94978.75,32363449569,0.0,0.0,0.013054325526514532,0.012969852186459676
2025-04-29 00:00:00+00:00,94981.859375,95485.4140625,93796.6328125,94284.7890625,25806129921,0.0,0.0,-0.007306486319308303,-0.0073333094254447225
2025-04-30 00:00:00+00:00,94286.46875,95249.3203125,92979.640625,94207.3125,28344679831,0.0,0.0,-0.0008217291810309613,-0.0008220669855229902
2025-05-01 00:00:00+00:00,94212.859375,97437.9609375,94153.6328125,96492.3359375,32875889623,0.0,0.0,0.02425526614507767,0.023965778896188162
2025-05-02 00:00:00+00:00,96494.96875,97905.8984375,96375.9453125,96910.0703125,26421924677,0.0,0.0,0.0043291974532626565,0.004319853436324106
2025-05-03 00:00:00+00:00,96904.6328125,96943.8828125,95821.2890625,95891.796875,15775154889,0.0,0.0,-0.010507405827035687,-0.010562998380901132
2025-05-04 00:00:00+00:00,95877.1875,96318.921875,94173.4296875,94315.9765625,18198688416,0.0,0.0,-0.016433317174712747,-0.016569841900567834
2025-05-05 00:00:00+00:00,94319.5625,95193.1875,93566.265625,94748.0546875,25816260327,0.0,0.0,0.0045811763897039,0.004570714740087168
2025-05-06 00:00:00+00:00,94748.3828125,96889.1796875,93399.859375,96802.4765625,26551275827,0.0,0.0,0.02168299794413664,0.021451265529472022
2025-05-07 00:00:00+00:00,96800.1953125,97625.8046875,95829.3359375,97032.3203125,76983822462,0.0,0.0,0.0023743581586117557,0.002371543824223951
2025-05-08 00:00:00+00:00,97034.25,103969.5390625,96913.875,103241.4609375,69895404397,0.0,0.0,0.06399043746457878,0.062026403533745514
2025-05-09 00:00:00+00:00,103239.125,104297.4921875,102343.09375,102970.8515625,58198593958,0.0,0.0,-0.002621130818400763,-0.002624571996284568
2025-05-10 00:00:00+00:00,102973.7109375,104961.765625,102830.484375,104696.328125,42276713994,0.0,0.0,0.016756941758927724,0.016618093181868365
2025-05-11 00:00:00+00:00,104701.0703125,104937.9921875,103364.7421875,104106.359375,46285517406,0.0,0.0,-0.005635047193781384,-0.005650983970075977
2025-05-12 00:00:00+00:00,104106.9609375,105747.453125,100814.40625,102812.953125,63250475404,0.0,0.0,-0.01242389281274392,-0.012501714607270616
2025-05-13 00:00:00+00:00,102812.4921875,104997.421875,101515.09375,104169.8125,52608876410,0.0,0.0,0.013197358248725033,0.013111031807523908
2025-05-14 00:00:00+00:00,104167.328125,104303.5625,102618.296875,103539.4140625,45956071155,0.0,0.0,-0.006051642240404331,-0.006070027639406428
2025-05-15 00:00:00+00:00,103538.828125,104153.6171875,101440.8125,103744.640625,50408241840,0.0,0.0,0.00198211052629782,0.0019801487371228356
2025-05-16 00:00:00+00:00,103735.65625,104533.484375,103137.4765625,103489.2890625,44386499364,0.0,0.0,-0.0024613470244020386,-0.002464381118651062
2025-05-17 00:00:00+00:00,103489.2890625,103716.9453125,102659.1796875,103191.0859375,37898552742,0.0,0.0,-0.0028814878109744146,-0.0028856472892223486
2025-05-18 00:00:00+00:00,103186.953125,106597.171875,103142.6015625,106446.0078125,49887082058,0.0,0.0,0.03154266519659865,0.031055414958406476
2025-05-19 00:00:00+00:00,106430.53125,107068.71875,102112.6875,105606.1796875,61761126647,0.0,0.0,-0.007889709931436006,-0.007920998372646527
2025-05-20 00:00:00+00:00,105605.40625,107307.1171875,104206.515625,106791.0859375,36515726122,0.0,0.0,0.011220046530480143,0.011157568710076757
2025-05-21 00:00:00+00:00,106791.3125,110724.4609375,106127.234375,109678.078125,78086364051,0.0,0.0,0.027034018449719976,0.026675054496876065
2025-05-22 00:00:00+00:00,109673.4921875,111970.171875,109285.0703125,111673.28125,70157575642,0.0,0.0,0.018191448638679386,0.01802796394236439
2025-05-23 00:00:00+00:00,111679.359375,111798.90625,106841.3046875,107287.796875,67548133399,0.0,0.0,-0.03927066820202352,-0.04006256233899459
2025-05-24 00:00:00+00:00,107278.5078125,109454.5234375,106895.2890625,107791.15625,45903627163,0.0,0.0,0.004691674073487251,0.004680702474076876
2025-05-25 00:00:00+00:00,107802.2734375,109313.3046875,106683.375,109035.390625,47518041841,0.0,0.0,0.011543009819045436,0.011476897551184374
2025-05-26 00:00:00+00:00,109023.78125,110376.8828125,108735.640625,109440.3671875,45950461571,0.0,0.0,0.003714175371671846,0.0037072948540294247
2025-05-27 00:00:00+00:00,109440.40625,110744.2109375,107609.5546875,108994.640625,57450176272,0.0,0.0,-0.004072780217708405,-0.00408109657520394
2025-05-28 00:00:00+00:00,108992.171875,109298.2890625,106812.9296875,107802.328125,49155377493,0.0,0.0,-0.010939184653144474,-0.010999457493792041
2025-05-29 00:00:00+00:00,107795.5703125,108910.046875,105374.3984375,105641.7578125,56022752042,0.0,0.0,-0.020041963379443528,-0.020245528009254558
2025-05-30 00:00:00+00:00,105646.2109375,106308.9453125,103685.7890625,103998.5703125,57655287183,0.0,0.0,-0.015554336978341854,-0.015676574887611795
2025-05-31 00:00:00+00:00,103994.71875,104927.1015625,103136.1171875,104638.09375,38997843858,0.0,0.0,0.006149348357177731,0.006130518270315466
2025-06-01 00:00:00+00:00,104637.296875,105884.546875,103826.953125,105652.1015625,37397056873,0.0,0.0,0.009690618169351017,0.009643965283822335
2025-06-02 00:00:00+00:00,105649.8125,105958.3125,103727.546875,105881.53125,45819706290,0.0,0.0,0.0021715582000447764,0.0021692037754339633
2025-06-03 00:00:00+00:00,105888.4765625,106813.578125,104920.84375,105432.46875,46196508367,0.0,0.0,-0.004241178746647534,-0.004250198055930138
2025-06-04 00:00:00+00:00,105434.3671875,105997.6953125,104232.703125,104731.984375,44544857105,0.0,0.0,-0.0066439151364365845,-0.006666084188030525
2025-06-05 00:00:00+00:00,104750.78125,105936.6875,100436.8828125,101575.953125,57479298400,0.0,0.0,-0.030134359325224014,-0.030597731847037197
2025-06-06 00:00:00+00:00,101574.3671875,105376.7734375,101169.5703125,104390.34375,48856653697,0.0,0.0,0.027707252931573167,0.02733035306445883
2025-06-07 00:00:00+00:00,104390.6484375,105972.7578125,103987.3125,105615.625,38365033776,0.0,0.0,0.011737496074678777,0.011669145986995247
2025-06-08 00:00:00+00:00,105617.5078125,106497.0625,105075.328125,105793.6484375,36626232328,0.0,0.0,0.0016855786016509722,0.0016841596083658347
2025-06-09 00:00:00+00:00,105793.0234375,110561.421875,105400.234375,110294.1015625,55903193732,0.0,0.0,0.04253991795791734,0.041659964564867834
2025-06-10 00:00:00+00:00,110295.6875,110380.125,108367.7109375,110257.234375,54700101509,0.0,0.0,-0.0003342625487465778,-0.00033431842692466013
2025-06-11 00:00:00+00:00,110261.796875,110384.21875,108086.328125,108686.625,50842662052,0.0,0.0,-0.014244955298426398,-0.01434738860972619
2025-06-12 00:00:00+00:00,108685.9140625,108780.6953125,105785.6875,105929.0546875,54843867968,0.0,0.0,-0.025371753999169577,-0.02569916684533185
2025-06-13 00:00:00+00:00,105924.59375,106182.546875,102822.0234375,106090.96875,69550440846,0.0,0.0,0.0015285141831733462,0.0015273471943905203
2025-06-14 00:00:00+00:00,106108.0859375,106203.7578125,104379.3671875,105472.40625,38007870453,0.0,0.0,-0.0058304915798971235,-0.005847555254663668
2025-06-15 00:00:00+00:00,105464.84375,106157.1015625,104519.8828125,105552.0234375,36744307742,0.0,0.0,0.0007548627203146641,0.0007545779547483326
2025-06-16 00:00:00+00:00,105555.59375,108915.375,104997.625,106796.7578125,50366626945,0.0,0.0,0.011792615001237072,0.011723623976989297
2025-06-17 00:00:00+00:00,106794.1171875,107750.1953125,103396.53125,104601.1171875,55964092176,0.0,0.0,-0.020559056941174436,-0.020773336361813687
2025-06-18 00:00:00+00:00,104602.0703125,105581.8515625,103602.265625,104883.328125,47318089133,0.0,0.0,0.0026979724986506692,0.0026943395038619066
2025-06-19 00:00:00+00:00,104886.7734375,105250.890625,103940.7734375,104684.2890625,37333806920,0.0,0.0,-0.0018977187896134229,-0.0018995217392710328
2025-06-20 00:00:00+00:00,104681.03125,106539.3828125,102372.2109375,103309.6015625,50951862476,0.0,0.0,-0.013131746055793259,-0.013218729770939191
2025-06-21 00:00:00+00:00,103315.078125,104015.78125,100973.0625,102257.40625,38360555118,0.0,0.0,-0.010184874363913243,-0.010237095073649533
2025-06-22 00:00:00+00:00,102212.03125,103351.6328125,98286.203125,100987.140625,65536997201,0.0,0.0,-0.012422235919953284,-0.012500036871865046
2025-06-23 00:00:00+00:00,100987.4765625,106116.859375,99705.75,105577.7734375,65237759656,0.0,0.0,0.04545759771084712,0.0444546821160779
2025-06-24 00:00:00+00:00,105571.515625,106316.828125,104740.2421875,106045.6328125,48822986421,0.0,0.0,0.004431419225533917,0.004421629398587352
2025-06-25 00:00:00+00:00,106047.40625,108168.3984375,105881.390625,107361.2578125,51624120283,0.0,0.0,0.012406215749838134,0.012329889288552448
2025-06-26 00:00:00+00:00,107375.0703125,108305.546875,106666.3515625,106960.0,43891990613,0.0,0.0,-0.003737454466123835,-0.00374445620028651
2025-06-27 00:00:00+00:00,106954.921875,107772.46875,106449.9921875,107088.4296875,45353692675,0.0,0.0,0.0012007263229245613,0.00120000602760066
2025-06-28 00:00:00+00:00,107090.546875,107567.8828125,106883.9765625,107327.703125,30037708335,0.0,0.0,0.002234353778444831,0.002231861322037002
2025-06-29 00:00:00+00:00,107327.8203125,108526.3046875,107230.109375,108385.5703125,35534874438,0.0,0.0,0.009856422495764683,0.009808164803266642
2025-06-30 00:00:00+00:00,108383.4375,108798.7890625,106759.6484375,107135.3359375,42064804590,0.0,0.0,-0.011535062936840146,-0.011602107852204922
2025-07-01 00:00:00+00:00,107144.3828125,107550.6796875,105270.2265625,105698.28125,44110692247,0.0,0.0,-0.013413452013053329,-0.013504224993731051
2025-07-02 00:00:00+00:00,105703.1015625,109763.65625,105157.3984375,108859.3203125,56248657737,0.0,0.0,0.02990624847553991,0.02946777720135706
2025-07-03 00:00:00+00:00,108845.015625,110541.4609375,108605.796875,109647.9765625,50494742270,0.0,0.0,0.007244728772290987,0.007218611789243165
2025-07-04 00:00:00+00:00,109635.65625,109751.984375,107296.3828125,108034.3359375,42616442656,0.0,0.0,-0.014716556343200904,-0.014825919147368482
2025-07-05 00:00:00+00:00,108015.8359375,108381.34375,107842.2734375,108231.1796875,30615537520,0.0,0.0,0.0018220480395592098,0.0018203901235928528
2025-07-06 00:00:00+00:00,108231.1875,109731.625,107847.015625,109232.0703125,36746020463,0.0,0.0,0.009247710575546852,0.009205212306969758
2025-07-07 00:00:00+00:00,109235.328125,109710.25,107527.0546875,108299.8515625,45415696597,0.0,0.0,-0.008534295352390808,-0.008570920982479692
2025-07-08 00:00:00+00:00,108298.2265625,109198.96875,107499.5546875,108950.2734375,44282204127,0.0,0.0,0.006005750382996888,0.005987787747688724
2025-07-09 00:00:00+00:00,108950.2734375,111925.375,108357.6796875,111326.5546875,57927418065,0.0,0.0,0.021810695604753683,0.021576245274881944
2025-07-10 00:00:00+00:00,111329.1953125,116608.78125,110660.75,115987.203125,95911605728,0.0,0.0,0.041864660687494615,0.04101205071842649
2025-07-11 00:00:00+00:00,115986.234375,118856.4765625,115245.6875,117516.9921875,86928361085,0.0,0.0,0.013189291760499877,0.013103070357299034
2025-07-12 00:00:00+00:00,117530.7109375,118219.8984375,116977.0234375,117435.2265625,45524560304,0.0,0.0,-0.0006957770402219454,-0.000696019205401959
2025-07-13 00:00:00+00:00,117432.203125,119449.5703125,117265.4375,119116.1171875,49021091807,0.0,0.0,0.014313342548076147,0.014211873752884076
2025-07-14 00:00:00+00:00,119115.7890625,123091.609375,118959.1953125,119849.703125,181746419401,0.0,0.0,0.006158578325259345,0.00613969178492453
2025-07-15 00:00:00+00:00,119853.8515625,119935.5625,115765.6875,117777.1875,98321661181,0.0,0.0,-0.01729262210051885,-0.017443885857792257
2025-07-16 00:00:00+00:00,117777.1875,120065.515625,117064.8203125,118738.5078125,72162029070,0.0,0.0,0.00816219450392297,0.008129063950949825
2025-07-17 00:00:00+00:00,118738.5078125,120999.609375,117508.21875,119289.84375,72363841798,0.0,0.0,0.004643278306736054,0.0046325315439855776
2025-07-18 00:00:00+00:00,119284.109375,120851.9140625,116925.984375,118003.2265625,77945799785,0.0,0.0,-0.01078563897020779,-0.010844225617985717
2025-07-19 00:00:00+00:00,117998.125,118541.3984375,117388.4140625,117939.9765625,47564562765,0.0,0.0,-0.0005360022928398989,-0.000536145993420385
2025-07-20 00:00:00+00:00,117944.109375,118865.03125,116550.1328125,117300.7890625,57515447231,0.0,0.0,-0.00541960002562214,-0.005434339336073631
2025-07-21 00:00:00+00:00,117306.46875,119671.5625,116584.3984375,117439.5390625,69820091744,0.0,0.0,0.0011828564931994912,0.0011821574696331473
2025-07-22 00:00:00+00:00,117426.5,120269.96875,116233.2265625,119995.4140625,79217583118,0.0,0.0,0.02176332622218302,0.021529885923986695
2025-07-23 00:00:00+00:00,119997.4453125,120113.3515625,117391.390625,118754.9609375,66608604537,0.0,0.0,-0.010337504434577038,-0.010391307548023082
2025-07-24 00:00:00+00:00,118770.984375,119535.453125,117247.96875,118368.0,72627318560,0.0,0.0,-0.0032584822936673197,-0.0032638027078905844
2025-07-25 00:00:00+00:00,118368.0,118486.9765625,114759.8203125,117635.8828125,104857024569,0.0,0.0,-0.006185093838706357,-0.0062043007703418435
2025-07-26 00:00:00+00:00,117644.84375,118335.6875,117181.2265625,117947.3671875,48508954046,0.0,0.0,0.002647868724685587,0.002644369296284202
2025-07-27 00:00:00+00:00,117944.7265625,119815.59375,117859.6875,119448.4921875,54683390892,0.0,0.0,0.012727075099638885,0.012646766556765231
2025-07-28 00:00:00+00:00,119457.5234375,119819.7890625,117441.4375,117924.4765625,64822943193,0.0,0.0,-0.012758768211219684,-0.012840860304521964
2025-07-29 00:00:00+00:00,117938.5859375,119273.8671875,116987.3671875,117922.1484375,68463107433,0.0,0.0,-1.9742508661990676e-05,-1.9742703547879838e-05
2025-07-30 00:00:00+00:00,117921.9921875,118780.7265625,115800.828125,117831.1875,68896148592,0.0,0.0,-0.0007713643170961237,-0.0007716619716275345
2025-07-31 00:00:00+00:00,117833.6328125,118919.984375,115505.21875,115758.203125,69370346018,0.0,0.0,-0.017592832754910526,-0.01774942596736902
2025-08-01 00:00:00+00:00,115738.953125,116060.7734375,112724.4453125,113320.0859375,91294530181,0.0,0.0,-0.021062154747402473,-0.0212871264623786
2025-08-02 00:00:00+00:00,113320.390625,114021.6015625,112005.765625,112526.9140625,56870866000,0.0,0.0,-0.006999393518263508,-0.0070240041801152295
2025-08-03 00:00:00+00:00,112525.8046875,114747.421875,111943.8046875,114217.671875,48099615826,0.0,0.0,0.015025363723748075,0.014913601071925728
2025-08-04 00:00:00+00:00,114223.921875,115729.46875,114130.40625,115071.8828125,35783028986,0.0,0.0,0.007478798363486527,0.007450970809323143
2025-08-05 00:00:00+00:00,115072.1875,115117.4375,112701.109375,114141.4453125,61039182286,0.0,0.0,-0.008085706753543476,-0.008118573366820805
2025-08-06 00:00:00+00:00,114140.9140625,115737.8359375,113372.25,115028.0,56379133510,0.0,0.0,0.007767158415357134,0.007737149330479471
2025-08-07 00:00:00+00:00,115030.0546875,117676.90625,114279.7109375,117496.8984375,64051649681,0.0,0.0,0.021463456180234486,0.021236359971131914
2025-08-08 00:00:00+00:00,117505.5,117689.203125,115917.4609375,116688.7265625,59713005166,0.0,0.0,-0.0068782400705657,-0.006902004196733544
2025-08-09 00:00:00+00:00,116678.2734375,117906.609375,116363.8359375,116500.359375,54004312429,0.0,0.0,-0.0016142706587778388,-0.0016155749975506003
2025-08-10 00:00:00+00:00,116497.71875,119320.7109375,116485.1640625,119306.7578125,64755458694,0.0,0.0,0.02408918266480664,0.02380361527108938
2025-08-11 00:00:00+00:00,119306.8125,122321.09375,118159.03125,118731.4453125,90528784177,0.0,0.0,-0.004822128356753663,-0.004833792329587668
2025-08-12 00:00:00+00:00,118717.6640625,120302.46875,118228.71875,120172.90625,72803657984,0.0,0.0,0.012140515376580119,0.012067410412961721
2025-08-13 00:00:00+00:00,120168.9765625,123682.453125,118939.6328125,123344.0625,90904808795,0.0,0.0,0.026388279596092357,0.02604611531030144
2025-08-14 00:00:00+00:00,123339.3984375,124457.1171875,117254.8828125,118359.578125,104055627395,0.0,0.0,-0.040411222672351976,-0.04125044324166835
2025-08-15 00:00:00+00:00,118365.78125,119332.3125,116864.5703125,117398.3515625,68665353159,0.0,0.0,-0.008121240187970669,-0.008154397097906272
2025-08-16 00:00:00+00:00,117398.421875,117996.0625,117271.953125,117491.3515625,48036922378,0.0,0.0,0.0007921746665282559,0.000791861061786004
2025-08-17 00:00:00+00:00,117492.7890625,118595.7734375,117279.5234375,117453.0625,45852169525,0.0,0.0,-0.00032588834829794244,-0.000325941461445338
2025-08-18 00:00:00+00:00,117453.90625,117614.171875,114723.6796875,116252.3125,72787808090,0.0,0.0,-0.01022323279139703,-0.01027584894774574
2025-08-19 00:00:00+00:00,116241.859375,116764.5,112730.3984375,112831.1796875,71657600353,0.0,0.0,-0.029428514056440758,-0.029870220205219213
2025-08-20 00:00:00+00:00,112828.0234375,114625.796875,112387.9609375,114274.7421875,67993811526,0.0,0.0,0.012794003430595335,0.012712851606869349
2025-08-21 00:00:00+00:00,114275.6875,114802.6484375,111986.234375,112419.03125,57817883700,0.0,0.0,-0.01623902974513114,-0.016372327846506683
2025-08-22 00:00:00+00:00,112433.734375,117377.3984375,111678.9453125,116874.0859375,82528088240,0.0,0.0,0.03962900798880531,0.03886392642477823
2025-08-23 00:00:00+00:00,116866.3671875,116996.25,114536.109375,115374.328125,55377142586,0.0,0.0,-0.012832252765613172,-0.012915297318543016
2025-08-24 00:00:00+00:00,115387.390625,115615.0859375,111060.546875,113458.4296875,73961489632,0.0,0.0,-0.016605933647771742,-0.01674535783150271
2025-08-25 00:00:00+00:00,113456.8984375,113637.84375,109324.28125,110124.3515625,85706860190,0.0,0.0,-0.029385900493979156,-0.029826315528831894
2025-08-26 00:00:00+00:00,110124.1015625,112397.015625,108762.0390625,111802.65625,69396320317,0.0,0.0,0.015240086898922645,0.01512512333952803
2025-08-27 00:00:00+00:00,111795.7109375,112619.4140625,110398.265625,111222.0625,62137056409,0.0,0.0,-0.005193022862549412,-0.00520655346926939
2025-08-28 00:00:00+00:00,111219.0546875,113450.078125,110900.921875,112544.8046875,58860155962,0.0,0.0,0.01189280397942638,0.011822640333317674
2025-08-29 00:00:00+00:00,112550.5234375,112619.0546875,107559.625,108410.8359375,77843379644,0.0,0.0,-0.036731759955323295,-0.03742335971466304
2025-08-30 00:00:00+00:00,108409.40625,108929.3515625,107444.4453125,108808.0703125,51486264208,0.0,0.0,0.003664157476186425,0.0036574608046354446
2025-08-31 00:00:00+00:00,108818.4609375,109491.0,108104.65625,108236.7109375,47986191770,0.0,0.0,-0.00525107534173741,-0.005264910692760397
2025-09-01 00:00:00+00:00,108228.75,109890.5859375,107271.1796875,109250.59375,66870372995,0.0,0.0,0.009367272930950854,0.00932367209897638
2025-09-02 00:00:00+00:00,109243.0703125,111748.015625,108454.03125,111200.5859375,74776999491,0.0,0.0,0.017848801737061493,0.017691382281182146
2025-09-03 00:00:00+00:00,111190.6953125,112600.2265625,110582.9609375,111723.2109375,61119643565,0.0,0.0,0.004699840343410866,0.004688830576405435
2025-09-04 00:00:00+00:00,111718.1484375,112208.328125,109347.2265625,110723.6015625,60131132901,0.0,0.0,-0.008947195185422974,-0.00898746169776838
2025-09-05 00:00:00+00:00,110723.015625,113357.4921875,110233.3984375,110650.984375,60241647677,0.0,0.0,-0.0006558419928113235,-0.0006560571512495267
2025-09-06 00:00:00+00:00,110650.5703125,111275.015625,110024.0859375,110224.6953125,21500719036,0.0,0.0,-0.0038525555367432407,-0.0038599957441809024
2025-09-07 00:00:00+00:00,110221.328125,111591.078125,110211.625,111167.6171875,24618007520,0.0,0.0,0.008554542812086785,0.008518160055379413
2025-09-08 00:00:00+00:00,111163.015625,112869.234375,110630.609375,112071.4296875,40212813407,0.0,0.0,0.008130177859939192,0.008097306013038336
2025-09-09 00:00:00+00:00,112077.578125,113225.4375,110776.703125,111530.546875,45984480722,0.0,0.0,-0.004826232823193166,-0.004837916692699648
2025-09-10 00:00:00+00:00,111531.25,114275.25,110940.078125,113955.359375,56377473784,0.0,0.0,0.02174124101370767,0.02150827089182057
2025-09-11 00:00:00+00:00,113961.4296875,115522.546875,113453.8359375,115507.5390625,45685065332,0.0,0.0,0.013620945043858246,0.013529013824572132
2025-09-12 00:00:00+00:00,115507.7890625,116769.3828125,114794.484375,116101.578125,54785725894,0.0,0.0,0.005142859655061782,0.005129680319349263
2025-09-13 00:00:00+00:00,116093.5625,116334.6328125,115248.2734375,115950.5078125,34549454947,0.0,0.0,-0.0013011908618274504,-0.0013020381457220277
2025-09-14 00:00:00+00:00,115950.2890625,116181.5,115222.3984375,115407.65625,32798036057,0.0,0.0,-0.004681752350561785,-0.0046927460797969575
2025-09-15 00:00:00+00:00,115399.6328125,116747.8828125,114461.0625,115444.875,52937859416,0.0,0.0,0.0003224981011604733,0.00032244610982561805
2025-09-16 00:00:00+00:00,115423.7578125,117005.2734375,114813.09375,116843.1875,45781744593,0.0,0.0,0.012112382641498831,0.012039614740681204
2025-09-17 00:00:00+00:00,116840.5078125,117328.609375,114794.9765625,116468.5078125,60528025996,0.0,0.0,-0.0032066883445814875,-0.003211840787451935
2025-09-18 00:00:00+00:00,116461.265625,117911.7890625,116188.796875,117137.203125,49457272032,0.0,0.0,0.005741425944741474,0.005725006775122414
2025-09-19 00:00:00+00:00,117137.671875,117479.7578125,115141.8203125,115688.859375,38828473971,0.0,0.0,-0.012364506846338497,-0.012441583362179643
2025-09-20 00:00:00+00:00,115691.125,116191.1484375,115473.5234375,115721.9609375,22864449614,0.0,0.0,0.0002861257573012477,0.0002860848311332532
2025-09-21 00:00:00+00:00,115730.2265625,115901.0859375,115252.578125,115306.09375,22495852193,0.0,0.0,-0.003593675600818802,-0.0036001483649767967
2025-09-22 00:00:00+00:00,115309.21875,115431.3125,112037.6484375,112748.5078125,70684158591,0.0,0.0,-0.02218083931492132,-0.02243053331974822
2025-09-23 00:00:00+00:00,112757.4765625,113351.9140625,111535.5703125,112014.5,47211853279,0.0,0.0,-0.00651013327573835,-0.006531416615244119
2025-09-24 00:00:00+00:00,112007.6640625,113986.2734375,111229.640625,113328.6328125,48044595085,0.0,0.0,0.011731809832655538,0.011663525697123141
2025-09-25 00:00:00+00:00,113330.1640625,113541.0859375,108713.3984375,109049.2890625,75528654284,0.0,0.0,-0.03776048156409062,-0.038491879643615556
2025-09-26 00:00:00+00:00,109041.296875,110359.1953125,108728.9765625,109712.828125,57738288949,0.0,0.0,0.0060847628462732395,0.00606632543055882
2025-09-27 00:00:00+00:00,109707.140625,109778.5,109144.296875,109681.9453125,26308042910,0.0,0.0,-0.0002814877077529365,-0.00028152733285390487
2025-09-28 00:00:00+00:00,109681.9453125,112375.484375,109236.9453125,112122.640625,33371048505,0.0,0.0,0.02225248016477188,0.022008506441889
2025-09-29 00:00:00+00:00,112117.875,114473.5703125,111589.953125,114400.3828125,60000147466,0.0,0.0,0.02031473906432546,0.020111147409077906
2025-09-30 00:00:00+00:00,114396.5234375,114836.6171875,112740.5625,114056.0859375,58986330258,0.0,0.0,-0.003009577997342028,-0.0030141158842399056
2025-10-01 00:00:00+00:00,114057.59375,118648.9296875,113981.3984375,118648.9296875,71328680132,0.0,0.0,0.04026829179914837,0.03947865276779501
2025-10-02 00:00:00+00:00,118652.3828125,121086.40625,118383.15625,120681.2578125,71415163912,0.0,0.0,0.017128920845327356,0.016983874858595087
2025-10-03 00:00:00+00:00,120656.984375,123944.703125,119344.3125,122266.53125,83941392228,0.0,0.0,0.013136036748664148,0.013050507216426515
2025-10-04 00:00:00+00:00,122267.46875,122857.640625,121577.5703125,122425.4296875,36769171735,0.0,0.0,0.001299606980548873,0.0012987632223538373
2025-10-05 00:00:00+00:00,122419.671875,125559.2109375,122191.9609375,123513.4765625,73689317763,0.0,0.0,0.008887425412982486,0.008848164694084894
2025-10-06 00:00:00+00:00,123510.453125,126198.0703125,123196.046875,124752.53125,72568881188,0.0,0.0,0.010031736794915869,0.009981752928713129
2025-10-07 00:00:00+00:00,124752.140625,125184.0234375,120681.96875,121451.3828125,76149412513,0.0,0.0,-0.026461574802715715,-0.02681798376519831
2025-10-08 00:00:00+00:00,121448.3515625,124167.09375,121119.1796875,123354.8671875,65354305286,0.0,0.0,0.01567280940669602,0.015551259305387295
2025-10-09 00:00:00+00:00,123337.0703125,123739.34375,119812.03125,121705.5859375,74653009425,0.0,0.0,-0.013370216251727518,-0.01346040236705057
2025-10-10 00:00:00+00:00,121704.7421875,122509.6640625,104582.4140625,113214.3671875,153125018868,0.0,0.0,-0.06976852117831744,-0.07232182184699049
2025-10-11 00:00:00+00:00,113236.4296875,113429.7265625,109760.5625,110807.8828125,110236934340,0.0,0.0,-0.02125599811033263,-0.021485160033407134
2025-10-12 00:00:00+00:00,110811.515625,115805.0625,109715.5390625,115169.765625,93710414091,0.0,0.0,0.03936437283871608,0.038609346343899696
2025-10-13 00:00:00+00:00,115161.6796875,116020.484375,113821.1875,115271.078125,71582026739,0.0,0.0,0.000879679657679322,0.0008792929662890047
2025-10-14 00:00:00+00:00,115264.8828125,115502.8828125,110029.484375,113118.6640625,92212917403,0.0,0.0,-0.01867262888064536,-0.01884916344559421
2025-10-15 00:00:00+00:00,113113.96875,113622.3828125,110235.8359375,110783.1640625,72574132855,0.0,0.0,-0.02064646024028005,-0.020862578290898413
2025-10-16 00:00:00+00:00,110782.171875,111990.8125,107537.03125,108186.0390625,87306423067,0.0,0.0,-0.023443318504017374,-0.02372248478317967
2025-10-17 00:00:00+00:00,108179.1328125,109235.8046875,103598.4296875,106467.7890625,99703051669,0.0,0.0,-0.01588236351834038,-0.016009839805348834
2025-10-18 00:00:00+00:00,106483.734375,107490.984375,106387.453125,107198.265625,37779905278,0.0,0.0,0.006861009972426446,0.006837580349705927
2025-10-19 00:00:00+00:00,107204.3125,109488.9921875,106157.7890625,108666.7109375,47657008953,0.0,0.0,0.013698405510000455,0.013605430464268035
2025-10-20 00:00:00+00:00,108667.4453125,111711.03125,107485.015625,110588.9296875,63507793085,0.0,0.0,0.01768912239467313,0.01753449073833947
2025-10-21 00:00:00+00:00,110587.6328125,113996.34375,107534.75,108476.890625,101194375480,0.0,0.0,-0.019098105646452646,-0.019282830173496076
2025-10-22 00:00:00+00:00,108491.53125,109115.1328125,106778.0,107688.5859375,80807013218,0.0,0.0,-0.007267028792566799,-0.007293562270818725
2025-10-23 00:00:00+00:00,107679.4375,111288.59375,107548.4296875,110069.7265625,54944076060,0.0,0.0,0.022111355667553845,0.021870444424777702
2025-10-24 00:00:00+00:00,110069.3515625,111842.53125,109770.1484375,111033.921875,48160816980,0.0,0.0,0.008759859251149305,0.008721714285261932
2025-10-25 00:00:00+00:00,111032.6171875,111947.703125,110704.40625,111641.7265625,24707667305,0.0,0.0,0.005474045023684315,0.005459116892619
2025-10-26 00:00:00+00:00,111639.0546875,115260.90625,111268.484375,114472.4453125,41708524143,0.0,0.0,0.025355383127430242,0.025039267744803344
2025-10-27 00:00:00+00:00,114479.8515625,116273.3125,113882.2890625,114119.328125,61761358733,0.0,0.0,-0.0030847352525406047,-0.0030895028553826285
2025-10-28 00:00:00+00:00,114129.0859375,116078.984375,112291.6796875,112956.1640625,64528066504,0.0,0.0,-0.01019252462848308,-0.010244824086811922
2025-10-29 00:00:00+00:00,112921.328125,113642.7265625,109368.71875,110055.3046875,62192043469,0.0,0.0,-0.025681284408657135,-0.02601680546576632
2025-10-30 00:00:00+00:00,110059.1953125,111612.3515625,106376.6875,108305.546875,69673964814,0.0,0.0,-0.015898895718551742,-0.01602663895461955
2025-10-31 00:00:00+00:00,108304.4140625,111031.8203125,108288.2734375,109556.1640625,60090359560,0.0,0.0,0.011547120379193476,0.01148096119628519
2025-11-01 00:00:00+00:00,109558.625,110574.8984375,109372.953125,110064.015625,25871668762,0.0,0.0,0.004635536182247879,0.004624825172493095
2025-11-02 00:00:00+00:00,110064.4296875,111167.3125,109523.453125,110639.625,34284209459,0.0,0.0,0.005229768982454308,0.005216141233319792
2025-11-03 00:00:00+00:00,110646.90625,110764.9140625,105336.359375,106547.5234375,72852006359,0.0,0.0,-0.03698585893164408,-0.03768718290100999
2025-11-04 00:00:00+00:00,106541.421875,107264.8828125,98962.0625,101590.5234375,110967184773,0.0,0.0,-0.046523840630681046,-0.04764085753760775
2025-11-05 00:00:00+00:00,101579.234375,104534.703125,98989.9140625,103891.8359375,77584934804,0.0,0.0,0.02265282648549194,0.022400061321748738
2025-11-06 00:00:00+00:00,103893.6640625,104147.3046875,100336.8671875,101301.2890625,63932752861,0.0,0.0,-0.02493503798083263,-0.025251182491850755
2025-11-07 00:00:00+00:00,101286.2421875,104052.9140625,99257.0546875,103372.40625,92168030081,0.0,0.0,0.020445121741957006,0.02023892596873405
2025-11-08 00:00:00+00:00,103371.703125,103373.5625,101458.0390625,102282.1171875,51446691095,0.0,0.0,-0.010547196317199026,-0.010603212214200236
2025-11-09 00:00:00+00:00,102278.984375,105418.3671875,101468.875,104719.640625,59679243013,0.0,0.0,0.02383137448193029,0.023551839699680072
2025-11-10 00:00:00+00:00,104723.7734375,106564.6953125,104350.6484375,105996.59375,69585887229,0.0,0.0,0.012194017448672767,0.01212026933646231
2025-11-11 00:00:00+00:00,105996.859375,107428.2578125,102457.328125,102997.46875,71130078574,0.0,0.0,-0.028294541304540788,-0.028702546476841843
2025-11-12 00:00:00+00:00,103011.4375,105297.234375,100836.6171875,101663.1875,64347179408,0.0,0.0,-0.012954505253314763,-0.013039146642676998
2025-11-13 00:00:00+00:00,101674.1484375,104005.4921875,97988.71875,99697.4921875,101546815416,0.0,0.0,-0.01933536967351135,-0.019524742976585432
2025-11-14 00:00:00+00:00,99694.703125,99804.4296875,94000.734375,94397.7890625,114346441890,0.0,0.0,-0.053157837862490065,-0.05462287113659148
2025-11-15 00:00:00+00:00,94420.46875,96728.46875,94420.46875,95549.1484375,38500716654,0.0,0.0,0.012196889211437911,0.01212310649874722
2025-11-16 00:00:00+00:00,95556.8671875,96564.1875,92971.1640625,94177.078125,71086235862,0.0,0.0,-0.01435983820826503,-0.014463938461922525
2025-11-17 00:00:00+00:00,94180.875,95928.3671875,91214.7578125,92093.875,94186165724,0.0,0.0,-0.02212006537551514,-0.02236838271634354
2025-11-18 00:00:00+00:00,92094.53125,93745.078125,89300.4609375,92948.875,101333569062,0.0,0.0,0.009284005043766586,0.009241173563305538
2025-11-19 00:00:00+00:00,92946.1640625,92946.1640625,88526.828125,91465.9921875,80350354656,0.0,0.0,-0.015953746750565823,-0.016082377699808928
2025-11-20 00:00:00+00:00,91459.3515625,93025.0703125,86040.796875,86631.8984375,97970645638,0.0,0.0,-0.05285126891851111,-0.05429914313161118
2025-11-21 00:00:00+00:00,86528.7734375,87380.8046875,80659.8125,85090.6875,129157506112,0.0,0.0,-0.017790340109098413,-0.017950490472289502
2025-11-22 00:00:00+00:00,85098.5625,85503.0078125,83490.8984375,84648.359375,40793099246,0.0,0.0,-0.0051983141515926645,-0.00521187239368071
2025-11-23 00:00:00+00:00,84648.609375,88038.46875,84641.7734375,86805.0078125,58083435576,0.0,0.0,0.025477734635657168,0.025158586579000386
2025-11-24 00:00:00+00:00,86798.7734375,89206.3359375,85272.1953125,88270.5625,74433896110,0.0,0.0,0.01688329653360121,0.016742357810839485
2025-11-25 00:00:00+00:00,88269.9609375,88457.3359375,86131.4296875,87341.890625,64837343545,0.0,0.0,-0.010520742688141405,-0.01057647695675446
2025-11-26 00:00:00+00:00,87345.5859375,90581.15625,86316.8984375,90518.3671875,66496301869,0.0,0.0,0.03636830551491177,0.03572258791333639
2025-11-27 00:00:00+00:00,90517.765625,91897.578125,90089.515625,91285.375,57040622845,0.0,0.0,0.008473504729832548,0.008437806108495432
2025-11-28 00:00:00+00:00,91285.3828125,92969.0859375,90257.1171875,90919.265625,60895830289,0.0,0.0,-0.004010602738938163,-0.004018666774419681
2025-11-29 00:00:00+00:00,90918.7421875,91187.6171875,90260.1875,90851.7578125,37921773455,0.0,0.0,-0.0007425028351905061,-0.00074277862694653
2025-11-30 00:00:00+00:00,90838.2109375,91965.046875,90394.3125,90394.3125,38497902869,0.0,0.0,-0.005035073877646679,-0.005047792573132774
2025-12-01 00:00:00+00:00,90389.109375,90398.15625,83862.25,86321.5703125,87962894424,0.0,0.0,-0.045055292472078956,-0.04610183805407602
2025-12-02 00:00:00+00:00,86322.5390625,92316.6328125,86202.1953125,91350.203125,78546798211,0.0,0.0,0.05825464938016567,0.05662099387030378
2025-12-03 00:00:00+00:00,91345.09375,94060.7734375,91056.390625,93527.8046875,77650204986,0.0,0.0,0.023837949867722363,0.023558262011831657
2025-12-04 00:00:00+00:00,93454.2578125,94038.2421875,90976.1015625,92141.625,64538402681,0.0,0.0,-0.014821043775501641,-0.014931972865932171
2025-12-05 00:00:00+00:00,92133.6484375,92702.640625,88152.140625,89387.7578125,63256398633,0.0,0.0,-0.029887330373216225,-0.030343059975675362
2025-12-06 00:00:00+00:00,89389.359375,90267.4609375,88951.6640625,89272.375,37994042405,0.0,0.0,-0.0012908122468182626,-0.0012916460625568118
2025-12-07 00:00:00+00:00,89277.8125,91740.84375,87799.5625,90405.640625,47394898960,0.0,0.0,0.012694471554050235,0.012614572226014349
2025-12-08 00:00:00+00:00,90424.5859375,92267.1171875,89644.890625,90640.203125,57394099056,0.0,0.0,0.0025945560296725123,0.002591195979813834
2025-12-09 00:00:00+00:00,90639.703125,94601.5703125,89586.9765625,92691.7109375,66861721440,0.0,0.0,0.022633530616329445,0.022381192698197744
2025-12-10 00:00:00+00:00,92695.234375,94477.15625,91640.1328125,92020.9453125,65420694513,0.0,0.0,-0.007236522211271801,-0.007262832846635849
2025-12-11 00:00:00+00:00,92011.3046875,93554.265625,89335.296875,92511.3359375,64532834621,0.0,0.0,0.005329119618741718,0.0053149701081481185
2025-12-12 00:00:00+00:00,92513.6640625,92747.9296875,89532.6015625,90270.4140625,80275884583,0.0,0.0,-0.024223213861206738,-0.024521421452147512
2025-12-13 00:00:00+00:00,90257.796875,90647.5703125,89800.9921875,90298.7109375,64237748110,0.0,0.0,0.00031346787642294593,0.0003134187556330964
2025-12-14 00:00:00+00:00,90296.4375,90498.109375,87634.9375,88175.1796875,50465972205,0.0,0.0,-0.023516739363752315,-0.02379767101791624
2025-12-15 00:00:00+00:00,88171.078125,89983.921875,85304.078125,86419.78125,45559514323,0.0,0.0,-0.019908078936967,-0.020108914713088392
2025-12-16 00:00:00+00:00,86424.40625,88170.09375,85381.6875,87843.984375,41262178223,0.0,0.0,0.01648005936140917,0.016345736935078115
2025-12-17 00:00:00+00:00,87847.6171875,90264.5703125,85316.265625,86143.7578125,44243392914,0.0,0.0,-0.01935507109105894,-0.019544833040854463
2025-12-18 00:00:00+00:00,86144.3671875,89412.6640625,84436.3125,85462.5078125,52667115348,0.0,0.0,-0.007908292107279613,-0.007939728497768105
2025-12-19 00:00:00+00:00,85476.1328125,89339.1171875,85107.6640625,88103.3828125,46733310561,0.0,0.0,0.03090097713717843,0.030433154968407768
2025-12-20 00:00:00+00:00,88101.671875,88497.203125,87924.875,88344.0,14688196659,0.0,0.0,0.002731077738661547,0.002727355122150639
2025-12-21 00:00:00+00:00,88344.703125,89027.953125,87613.203125,88621.75,19845522660,0.0,0.0,0.0031439599746445612,0.0031390280669266876
2025-12-22 00:00:00+00:00,88621.3984375,90501.9296875,87908.0703125,88490.015625,38047472118,0.0,0.0,-0.0014864790528285043,-0.0014875849588890807
2025-12-23 00:00:00+00:00,88490.03125,88898.3828125,86606.9765625,87414.0,43683011533,0.0,0.0,-0.01215974047919599,-0.012234274952953525
2025-12-24 00:00:00+00:00,87404.3203125,87956.8828125,86411.796875,87611.9609375,25550297986,0.0,0.0,0.0022646365284737513,0.002262076104062497
2025-12-25 00:00:00+00:00,87608.3203125,88501.7890625,86949.2578125,87234.7421875,19953216347,0.0,0.0,-0.004305562231041726,-0.0043148578556266
2025-12-26 00:00:00+00:00,87235.5078125,89459.4296875,86628.140625,87301.4296875,42455674908,0.0,0.0,0.0007644603322913834,0.0007641682813230021
2025-12-27 00:00:00+00:00,87301.4296875,87874.78125,87182.9765625,87802.15625,13741199310,0.0,0.0,0.005735605525503784,0.00571921956587603
2025-12-28 00:00:00+00:00,87799.34375,87986.890625,87394.953125,87835.8359375,15156557929,0.0,0.0,0.00038358610925337544,0.0003835125589097617
2025-12-29 00:00:00+00:00,87835.7890625,90299.15625,86717.9140625,87138.140625,48411625849,0.0,0.0,-0.007943173820266769,-0.007974888882579774
2025-12-30 00:00:00+00:00,87134.3515625,89297.9375,86735.546875,88430.1328125,35586356225,0.0,0.0,0.014826942349620564,0.01471809780879094
2025-12-31 00:00:00+00:00,88429.5859375,89080.2890625,87130.5625,87508.828125,33830210616,0.0,0.0,-0.01041844740246467,-0.010473099349299821
2026-01-01 00:00:00+00:00,87508.046875,88803.2265625,87399.40625,88731.984375,18849043990,0.0,0.0,0.013977518339667538,0.013880733660550057
2026-01-02 00:00:00+00:00,88733.0625,90884.4609375,88298.6171875,89944.6953125,46398906171,0.0,0.0,0.013667122921255048,0.013574570130194885
2026-01-03 00:00:00+00:00,89945.0546875,90679.5703125,89328.0703125,90603.1875,20774828592,0.0,0.0,0.007321078638514056,0.007294409627148249
2026-01-04 00:00:00+00:00,90603.0,91712.5859375,90595.1015625,91413.4921875,26770491368,0.0,0.0,0.008943445698309516,0.008903689947606831
2026-01-05 00:00:00+00:00,91414.625,94762.0703125,91414.625,93882.5546875,53376407252,0.0,0.0,0.027009825802690735,0.02665149838136465
2026-01-06 00:00:00+00:00,93876.9453125,94395.296875,91286.546875,93729.03125,52430605257,0.0,0.0,-0.0016352711961346023,-0.00163660971149983
2026-01-07 00:00:00+00:00,93727.46875,93738.7890625,90601.8046875,91308.0546875,43461295053,0.0,0.0,-0.025829527204251357,-0.026168967250151644
2026-01-08 00:00:00+00:00,91309.640625,91485.8515625,89233.875,91027.125,42386697030,0.0,0.0,-0.003076724046541912,-0.003081466892755565
2026-01-09 00:00:00+00:00,91026.2734375,91910.671875,89625.3828125,90513.1015625,38305906684,0.0,0.0,-0.005646925984974294,-0.005662930149506993
2026-01-10 00:00:00+00:00,90510.1015625,90713.03125,90283.3984375,90386.6484375,12385895282,0.0,0.0,-0.001397069847536736,-0.0013980466595052143
2026-01-11 00:00:00+00:00,90385.359375,91155.2265625,90212.0234375,90827.4609375,17165568977,0.0,0.0,0.004876964768804504,0.004865110901100388
2026-01-12 00:00:00+00:00,90825.859375,92395.5234375,90055.0234375,91192.9921875,41346275358,0.0,0.0,0.004024457429802286,0.004016380962680633
2026-01-13 00:00:00+00:00,91185.3359375,96011.625,90941.9296875,95321.78125,54980674354,0.0,0.0,0.04527528885126264,0.044280285031478225
2026-01-14 00:00:00+00:00,95322.90625,97860.6015625,94583.046875,96929.328125,60592490863,0.0,0.0,0.016864423365986925,0.016723797821879046
2026-01-15 00:00:00+00:00,96931.2890625,97150.171875,95103.2421875,95551.1875,53086363027,0.0,0.0,-0.01421799419905967,-0.014320038274756287
2026-01-16 00:00:00+00:00,95554.1015625,95801.890625,94259.2734375,95525.1171875,33248170537,0.0,0.0,-0.00027284132392391136,-0.00027287855188963723
2026-01-17 00:00:00+00:00,95525.15625,95598.4765625,95005.6171875,95099.921875,16021715122,0.0,0.0,-0.004451136256293897,-0.004461072057980408
2026-01-19 00:00:00+00:00,93646.9140625,93646.9140625,92425.3671875,92980.8203125,27197847552,0.0,0.0,-0.022282894882767246,-0.022534909361986138
